t,tick,n,rate,evt_rate,drop,ap_hz,pos_mm,vel_mm_s,wire10,wire12,d_tick
0.05,159585845,168332,11.708083966056275,251.94133044038574,1174931,509.0,63.166015625,-3.90625,1.0,516.359375,922
1.07,159596597,168347,14.745156493339849,333.57227249380446,1175082,486.0,60.50390625,-2.170138888888889,1.0,492.109375,783
2.09,159606544,168360,11.309699912904904,316.17981212546806,1175139,60.0,58.64453125,-0.47637195121951226,1.0,60.0,882
3.09,159616751,168374,19.146040745153353,329.0820111818464,1175139,60.0,58.951171875,-0.4438920454545455,1.0,60.0,518
4.1,159625027,168386,12.461943910461153,329.0820111818464,1175139,60.0,59.208984375,0.9765625,1.0,60.0,742
5.12,159636959,168399,14.52376648695068,280.40517862301857,1175269,484.0,60.1015625,1.953125,1.0,485.09375,688
6.14,159646805,168414,19.44490083541182,327.7344852485474,1175412,465.0,62.619140625,4.340277777777778,1.0,468.078125,513
7.16,159657222,168429,13.895739810032435,351.89057561204794,1175546,445.0,64.935546875,1.775568181818182,1.0,450.609375,718
8.18,159667122,168442,11.785791760097561,350.7576130307797,1175698,530.0,65.65625,-5.326704545454546,1.0,526.859375,942
9.18,159675855,168455,12.936000123367311,325.1174923835524,1175799,514.0,63.28515625,-1.775568181818182,1.0,523.640625,777
10.2,159687298,168468,11.694634353077635,281.0191827604778,1176007,487.0,60.376953125,-1.775568181818182,1.0,493.734375,855
11.22,159698145,168484,11.495684634338197,332.2485723756395,1176054,60.0,58.82421875,3.551136363636364,1.0,60.0,870
12.24,159708260,168499,13.895969996951987,363.48355952893303,1176054,60.0,59.130859375,-0.887784090909091,1.0,60.0,720
13.26,159718047,168512,17.521091458982564,338.90710694044395,1176054,60.0,59.41796875,0.48828125,1.0,60.0,630
14.28,159726071,168523,20.94105077112801,332.5939738845201,1176054,483.0,60.06640625,1.775568181818182,1.0,483.765625,477
15.3,159738863,168537,11.587403410770476,247.22283754638374,1176293,458.0,63.005859375,0.6300403225806451,1.0,464.40625,926
16.33,159748572,168550,10.698172209213944,326.80319056549126,1176438,444.0,65.212890625,3.90625,1.0,447.609375,931
17.35,159758691,168564,16.533316514774054,324.82846108900316,1176573,530.0,65.294921875,-1.953125,1.0,531.046875,605
18.35,159769345,168579,14.546584540258587,327.9123932697838,1176703,505.0,62.53515625,-1.953125,1.0,517.796875,687
19.38,159776944,168590,13.027528520889435,344.46928964860217,1176804,491.0,60.578125,-0.48828125,1.0,494.21875,769
20.4,159789674,168605,12.251508689937198,270.2783942777821,1176938,60.0,58.89453125,0.2675513698630137,1.0,60.0,816
21.42,159800053,168620,13.881804702393561,344.3356687370827,1176938,60.0,59.216796875,0.12600806451612903,1.0,60.0,719
22.42,159809607,168633,14.563201588850271,331.2236650154285,1176938,60.0,59.494140625,0.9765625,1.0,60.0,687
23.43,159819750,168647,20.68319624435371,333.5596401411601,1177008,475.0,61.013671875,3.90625,1.0,480.859375,545
24.45,159829868,168658,3.5520656635673737,332.2210025709486,1177239,461.0,63.3984375,2.663352272727273,1.0,461.5625,2815
25.47,159840604,168672,11.288757546151631,260.6517931670536,1177398,439.0,65.689453125,1.775568181818182,1.0,444.140625,947
26.49,159850319,168686,17.177169207835234,324.96380790398706,1177527,520.0,64.8984375,-6.214488636363638,1.0,529.46875,521
27.49,159860551,168700,11.642565286907088,322.88218750995196,1177663,504.0,62.205078125,-0.9765625,1.0,514.734375,860
28.52,159870966,168714,11.834676418139546,330.6067088040121,1177795,484.0,59.716796875,-1.775568181818182,1.0,498.984375,843
29.54,159881140,168725,11.803702390400126,337.5117132779989,1177849,60.0,58.9296875,0.23251488095238096,1.0,0.0,847
30.57,159891409,168740,19.178432457395783,263.22788318471396,1177853,60.0,59.251953125,0.887784090909091,1.0,0.0,520
31.57,159901591,168754,14.389038501782204,333.3537099063298,1177853,60.0,59.544921875,0.9765625,1.0,0.0,694
32.6,159911870,168769,15.000443471667882,354.8463863208013,1177995,473.0,61.515625,1.2600806451612903,1.0,476.25,659
33.62,159921680,168783,12.880621811939355,340.32796994555474,1178139,455.0,63.79296875,1.953125,1.0,457.4375,775
34.62,159931758,168795,14.949704342371177,345.00646737420493,1178345,441.0,66.076171875,0.48828125,1.0,449.65625,670
35.64,159942068,168809,12.272946464102624,279.70890590096724,1178495,522.0,64.5078125,-1.953125,1.0,525.21875,814
36.64,159952120,168823,16.260269511684527,317.1290869616876,1178640,500.0,61.8203125,-3.4466911764705883,1.0,503.546875,614
37.66,159962320,168838,13.928734151152673,345.9734196447536,1178746,0.0,59.408203125,-1.953125,1.0,486.71875,718
38.66,159972158,168852,15.150752425606312,355.6064505873002,1178746,60.0,59.0390625,1.775568181818182,1.0,60.0,727
39.69,159982858,168864,12.22020412147063,280.9731187844329,1178792,60.0,59.33203125,-1.775568181818182,1.0,60.0,818
40.71,159992603,168877,12.83438901842706,318.2140063860193,1178816,483.0,59.62890625,1.953125,1.0,60.0,839
41.71,160002583,168891,11.441153525114704,332.75340626386287,1178956,469.0,61.625,1.953125,1.0,475.015625,812
42.74,160012915,168905,13.624593955458538,327.15171023354446,1179114,456.0,64.033203125,4.438920454545455,1.0,456.03125,734
43.74,160023234,168919,12.892539221954458,325.6256841314318,1179245,525.0,66.298828125,0.48828125,1.0,437.296875,776
44.77,160033619,168930,12.476734985275307,254.20812077509288,1179482,525.0,64.125,-1.953125,1.0,525.0625,801
45.77,160042901,168942,11.684176804383616,254.20812077509288,1179621,498.0,61.7890625,-0.9765625,1.0,505.265625,928
46.77,160053116,168955,11.855684323590932,308.7359101298338,1179731,483.0,59.474609375,-0.9765625,1.0,486.78125,844
47.8,160063271,168970,18.945318216721624,306.8155298559638,1179731,60.0,59.125,-0.23251488095238096,1.0,60.0,527
48.82,160073664,168984,11.518572833077933,350.2641311952433,1179731,60.0,59.43359375,3.90625,1.0,60.0,869
49.83,160083385,168994,11.198278462898045,330.1462712525113,1179731,0.0,59.642578125,-0.04035382231404959,1.0,0.0,892
50.83,160093817,169008,18.996028061721294,247.22979252989742,1179856,469.0,61.880859375,1.775568181818182,1.0,475.0625,524
51.85,160104362,169022,13.862626502997733,327.8206317581831,1179991,450.0,64.234375,1.953125,1.0,455.625,805
52.86,160114301,169035,16.494954341311477,315.13082071444813,1180116,523.0,66.498046875,3.551136363636364,1.0,436.453125,606
53.86,160124328,169049,13.84628894192837,316.2245793260735,1180253,517.0,63.92578125,-1.953125,1.0,520.109375,721
54.86,160134057,169060,19.45816149010693,351.8495767061256,1180476,502.0,61.296875,-1.953125,1.0,502.40625,514
55.89,160144542,169074,11.49077161212553,258.8976054520892,1180557,0.0,59.109375,-4.438920454545455,1.0,484.0,871
56.89,160154254,169086,12.388328523875488,320.2006843950788,1180557,60.0,59.037109375,-0.887784090909091,1.0,60.0,715
57.91,160164497,169100,13.458811449107944,291.05525549516784,1180557,60.0,59.35546875,0.887784090909091,1.0,60.0,742
58.94,160174779,169114,11.668574194679138,330.1274422049928,1180557,483.0,59.66796875,-0.48828125,1.0,483.828125,857
59.94,160184888,169124,11.75751119882041,329.0575766526299,1180797,475.0,62.14453125,1.953125,1.0,481.75,850
60.97,160195506,169138,15.765630109644754,246.47942714541668,1180942,448.0,64.50390625,1.953125,1.0,453.625,634
61.99,160205830,169152,15.044725580994946,321.4864082659752,1181077,531.0,66.185546875,-3.90625,1.0,526.0,737
63.0,160215923,169165,15.258117792571575,310.8492698179662,1181214,518.0,63.5546875,-4.438920454545455,1.0,518.453125,656
64.02,160225749,169179,20.68329823903899,326.5570047200962,1181341,494.0,60.96875,-4.340277777777778,1.0,496.5625,483
65.05,160235655,169189,14.713448815362057,268.84148345186475,1181404,0.0,59.423828125,-1.953125,1.0,485.375,679
66.05,160246270,169204,13.983996585938334,324.81528446912245,1181404,60.0,59.126953125,3.90625,1.0,60.0,717
67.05,160256383,169218,14.257950253762242,344.31996468207825,1181404,60.0,59.408203125,0.48828125,1.0,60.0,693
68.06,160266156,169232,11.894584301080757,345.1147350641455,1181404,482.0,59.97265625,3.90625,1.0,483.546875,902
69.08,160276334,169246,10.146118677278116,332.894165401343,1181548,462.0,62.408203125,1.6276041666666667,1.0,470.28125,927
70.1,160286624,169257,11.718846305366418,254.75085751227687,1181770,444.0,64.751953125,2.7901785714285716,1.0,453.828125,914
71.11,160296716,169271,13.054411224610481,328.15336855899835,1181908,530.0,65.984375,-1.953125,1.0,526.125,706
72.11,160306687,169285,14.293078889078208,337.2084060160887,1182048,515.0,63.314453125,-0.47637195121951226,1.0,515.53125,700
73.13,160316735,169299,12.971445713455122,334.33680689908283,1182183,492.0,60.79296875,-1.953125,1.0,497.65625,769
74.15,160326914,169313,14.665347323960406,330.0989449284704,1182241,60.0,58.8671875,-0.887784090909091,1.0,0.0,681
75.17,160337649,169325,20.96229658950062,257.38254478815435,1182288,60.0,59.154296875,0.9765625,1.0,60.0,476
76.2,160347325,169338,19.01549146994419,330.8344970834257,1182301,60.0,59.423828125,0.9765625,1.0,60.0,522
77.23,160357889,169352,13.537305580748338,318.1708291397044,1182412,480.0,60.451171875,1.953125,1.0,483.046875,799
78.23,160367919,169366,10.684083296185442,328.26596023454255,1182550,458.0,62.900390625,1.953125,1.0,466.71875,730
79.25,160377857,169380,19.291251954741973,328.26596023454255,1182688,445.0,65.115234375,0.7659313725490197,1.0,447.96875,518
80.26,160388357,169391,13.352170605069892,344.63046388813694,1182925,528.0,65.552734375,-1.953125,1.0,440.3125,688
81.27,160398418,169404,11.588235781679536,246.34294310622303,1183059,511.0,62.994140625,-1.953125,1.0,515.3125,864
82.29,160408701,169418,18.952594835182214,320.54298463866854,1183208,487.0,60.328125,-2.663352272727273,1.0,493.125,529
83.29,160418421,169431,13.225819064736859,318.40114736697984,1183233,60.0,58.9375,0.6300403225806451,1.0,60.0,696
84.29,160428882,169445,12.521880355149003,324.085430798928,1183233,60.0,59.248046875,1.3316761363636365,1.0,60.0,799
85.32,160438395,169456,13.150432045349085,333.4060757011698,1183233,60.0,59.498046875,0.8138020833333334,1.0,60.0,702
86.33,160449306,169472,19.332866256130387,261.94437903501097,1183293,478.0,60.771484375,3.90625,1.0,482.8125,579
87.34,160458554,169485,13.97910285594302,373.230231826837,1183417,465.0,62.80078125,1.953125,1.0,465.03125,716
88.36,160469264,169499,11.151060124689273,324.4726189431892,1183552,443.0,65.25,1.6276041666666667,1.0,449.0,899
89.36,160478666,169511,10.843038105578822,303.6773529710711,1183680,526.0,65.48046875,-3.90625,1.0,528.0625,849
